document_id,title,business_class,sensitivity,allowed_roles,owner,version,source_uri,dataset,license,sha256
swg21179559,IBM Guide to properly setting up SSL within the IBM HTTP Server - United States,security-support,restricted,restricted,techqa-proxy-owner,techqa-2025-05-05,hf://nvidia/TechQA-RAG-Eval/corpus/swg21179559.txt,nvidia/TechQA-RAG-Eval,Apache-2.0,46b30f59807fbb616787ad309e29f80c6a6b46eb526a77b962f2678f7e55768b
swg21636093,IBM 2035 MQRC_NOT_AUTHORIZED Connecting to WebSphere MQ from WebSphere Application Server via CLIENT Bindings - United States,security-support,restricted,restricted,techqa-proxy-owner,techqa-2025-05-05,hf://nvidia/TechQA-RAG-Eval/corpus/swg21636093.txt,nvidia/TechQA-RAG-Eval,Apache-2.0,ec6c9cfcf6111dfe6a0b4b96a879d6c703d44240fca6aabe0348358d4d02bc10
swg21263677,IBM Rational Application Developer Support Policy for 64 bit technology - United States,engineering-support,internal,engineering,techqa-proxy-owner,techqa-2025-05-05,hf://nvidia/TechQA-RAG-Eval/corpus/swg21263677.txt,nvidia/TechQA-RAG-Eval,Apache-2.0,f13f501d8f9749a10d987e8299583df3c6b359b48f91a0d1924c93af75563b15
swg21515420,IBM Starting WebSphere Application Server gives warning message - Could not lock User prefs - United States,engineering-support,internal,engineering,techqa-proxy-owner,techqa-2025-05-05,hf://nvidia/TechQA-RAG-Eval/corpus/swg21515420.txt,nvidia/TechQA-RAG-Eval,Apache-2.0,8bc7591ccbb889de5a565f33b349ae57083d9f73912483d9a7b58cb34807d8b3
swg21648497,IBM Insufficient ulimit Value Causes Native OutOfMemory - United States,operations-support,internal,operations,techqa-proxy-owner,techqa-2025-05-05,hf://nvidia/TechQA-RAG-Eval/corpus/swg21648497.txt,nvidia/TechQA-RAG-Eval,Apache-2.0,a5db43b4e9938ccb84214b57faedf433e60c36d1c0ff11f1405daf4af1ebe17e
swg21998452,IBM Action required for IBM Integration Bus Hypervisor Edition V9.0 and WebSphere Message Broker Hypervisor Edition V8.0 for security vulnerabilities in Red Hat Linux - United States,security-support,restricted,restricted,techqa-proxy-owner,techqa-2025-05-05,hf://nvidia/TechQA-RAG-Eval/corpus/swg21998452.txt,nvidia/TechQA-RAG-Eval,Apache-2.0,e9143dc199c406876a1528bfad44d4e44b0d7e519b618cdbbb216ac93ef1d3c8
swg21469413,IBM Guidelines for setting ulimits (WebSphere Application Server) - United States,security-support,restricted,restricted,techqa-proxy-owner,techqa-2025-05-05,hf://nvidia/TechQA-RAG-Eval/corpus/swg21469413.txt,nvidia/TechQA-RAG-Eval,Apache-2.0,11dcec31f0f83364f0bc9ab1896ae952e6af3559f5750d1d24c6b4c96252a38c
swg27019359,IBM WebSphere Portal V6.1.0.5 and V6.1.5.2 hardware and software requirements - AIX - United States,security-support,restricted,restricted,techqa-proxy-owner,techqa-2025-05-05,hf://nvidia/TechQA-RAG-Eval/corpus/swg27019359.txt,nvidia/TechQA-RAG-Eval,Apache-2.0,836105be50f0e1ea5bfcd5b6196859d75f7bd6eedc3db2a0820d65995a2422ca
swg21611073,IBM Deletion of virtual portal fails with transaction timeout - United States,engineering-support,internal,engineering,techqa-proxy-owner,techqa-2025-05-05,hf://nvidia/TechQA-RAG-Eval/corpus/swg21611073.txt,nvidia/TechQA-RAG-Eval,Apache-2.0,a7ec8cca6861adbdf6f50b5953220df3ef7bf09354e02a85143de8a3457ab4bf
swg24035040,IBM Rational Host Access Transformation Services 9.0 - United States,engineering-support,internal,engineering,techqa-proxy-owner,techqa-2025-05-05,hf://nvidia/TechQA-RAG-Eval/corpus/swg24035040.txt,nvidia/TechQA-RAG-Eval,Apache-2.0,1f7d06ff7463552d90ff4372e32c1eb69f183f49edafd86deef3b1489a0dc8f1
swg21611699,IBM JDBC driver or database insufficiencies cause administration portlets to fail. - United States,engineering-support,internal,engineering,techqa-proxy-owner,techqa-2025-05-05,hf://nvidia/TechQA-RAG-Eval/corpus/swg21611699.txt,nvidia/TechQA-RAG-Eval,Apache-2.0,749be136e61eb51e9360c34e046b84fbda3c89cd4594258577614e058ebad099
swg22011689,IBM Security Bulletin: Apache Commons FileUpload Vulnerabilities in IBM WebSphere MQ File Transfer Edition component (CVE-2016-1000031) - United States,security-support,restricted,restricted,techqa-proxy-owner,techqa-2025-05-05,hf://nvidia/TechQA-RAG-Eval/corpus/swg22011689.txt,nvidia/TechQA-RAG-Eval,Apache-2.0,ad39d7abe41413680e46e51d14917979b66338d1141b6095f5d639e98d3f5fe6
swg21964202,IBM How Connect TDWC 9.3 to TWS Engine lower level release - United States,security-support,restricted,restricted,techqa-proxy-owner,techqa-2025-05-05,hf://nvidia/TechQA-RAG-Eval/corpus/swg21964202.txt,nvidia/TechQA-RAG-Eval,Apache-2.0,b1c5f1b0b50bd224a2e59fa2acb19db414dadfffca8d0beb64293640f921bb18
swg21406783,"IBM When a Certificate Authority (CA) signs a certificate using SHA2(SHA-256), IBM Websphere DataPower SOA Appliance can validate the signature of CA on certificate. - United States",security-support,restricted,restricted,techqa-proxy-owner,techqa-2025-05-05,hf://nvidia/TechQA-RAG-Eval/corpus/swg21406783.txt,nvidia/TechQA-RAG-Eval,Apache-2.0,0a13e5b3c240738d63edc9d8b606c14555e826ad407158f7cc3fb18cd8420853
swg21318593,IBM Handling 302 redirect error message in a Web Application Firewall - United States,security-support,restricted,restricted,techqa-proxy-owner,techqa-2025-05-05,hf://nvidia/TechQA-RAG-Eval/corpus/swg21318593.txt,nvidia/TechQA-RAG-Eval,Apache-2.0,4c51807269e9ba9ea40062d85501c90acd82d93575cbfe4fdbba33d0e08aa352
swg21660890,IBM Using -Xgc:preferredHeapBase with -Xcompressedrefs - United States,engineering-support,internal,engineering,techqa-proxy-owner,techqa-2025-05-05,hf://nvidia/TechQA-RAG-Eval/corpus/swg21660890.txt,nvidia/TechQA-RAG-Eval,Apache-2.0,dbbcbb55b210b3e3cb229b10440454d15c9b5303dba938e245da0b626d7f18eb
swg22005055,IBM Security Bulletin: IBM MQ Appliance is affected by a Network Security Services (NSS) vulnerability (CVE-2017-5461) - United States,security-support,restricted,restricted,techqa-proxy-owner,techqa-2025-05-05,hf://nvidia/TechQA-RAG-Eval/corpus/swg22005055.txt,nvidia/TechQA-RAG-Eval,Apache-2.0,a1d1bc64f832c2bf51bef420ec95ec87cbcf83df0e778e0a1880913f51005967
swg21998655,IBM Security Bulletin: Malicious File Download vulnerability in IBM Business Process Manager (BPM) and WebSphere Lombardi Edition (WLE) - CVE-2016-9693 - United States,security-support,restricted,restricted,techqa-proxy-owner,techqa-2025-05-05,hf://nvidia/TechQA-RAG-Eval/corpus/swg21998655.txt,nvidia/TechQA-RAG-Eval,Apache-2.0,2574ce7b902d043bcf372e36f153a811d33a712a8ff72d0128bd758b8f3ca7e7
swg22012345,IBM Security Bulletin: Potential Privilege Escalation in WebSphere Application Server Admin Console (CVE-2017-1731) - United States,security-support,restricted,restricted,techqa-proxy-owner,techqa-2025-05-05,hf://nvidia/TechQA-RAG-Eval/corpus/swg22012345.txt,nvidia/TechQA-RAG-Eval,Apache-2.0,3183f6ec3c693960d684b3e877d80387cc548820e0539b3d0749cd779154f452
swg21502037,IBM Unable to add Centera Device in FileNet Content  Engine - United States,engineering-support,internal,engineering,techqa-proxy-owner,techqa-2025-05-05,hf://nvidia/TechQA-RAG-Eval/corpus/swg21502037.txt,nvidia/TechQA-RAG-Eval,Apache-2.0,11abd81aa7aaaf201de0b0e7b43cd7cc2a0739a796e940659bd2f9dc2944bdf3
swg21445430,IBM Automated data collection capability provided by wpcollector tool - United States,engineering-support,internal,engineering,techqa-proxy-owner,techqa-2025-05-05,hf://nvidia/TechQA-RAG-Eval/corpus/swg21445430.txt,nvidia/TechQA-RAG-Eval,Apache-2.0,847fe322e9c27107e7dff9657b9c2fb0e3e15747867a3cd28a69f9b74c234931
swg1PI37248,IBM PI37248: A PROPERTY FILE BASED CONFIGURATION (PFBC) FILE MIGHT FAIL TO AP PLY. - United States,security-support,restricted,restricted,techqa-proxy-owner,techqa-2025-05-05,hf://nvidia/TechQA-RAG-Eval/corpus/swg1PI37248.txt,nvidia/TechQA-RAG-Eval,Apache-2.0,c447599a879249fcf4cdbf83583c54ccc2bf708ae22fe87b9aee2d67936509b9
swg24039235,IBM Operational Decision Manager V8.5.1.2 Fix Pack - United States,engineering-support,internal,engineering,techqa-proxy-owner,techqa-2025-05-05,hf://nvidia/TechQA-RAG-Eval/corpus/swg24039235.txt,nvidia/TechQA-RAG-Eval,Apache-2.0,7e1f25dac32194a189b53835a37a91c9f465417340905875c9776c93caacc1e2
swg27045339,IBM WebSphere SDK Java Technology Edition 8.0 Minimum Supported Operating Systems - United States,engineering-support,internal,engineering,techqa-proxy-owner,techqa-2025-05-05,hf://nvidia/TechQA-RAG-Eval/corpus/swg27045339.txt,nvidia/TechQA-RAG-Eval,Apache-2.0,7bda7aa44e461ac33630e50ad9e72f0887054b59fce7828be22de5f9ad4a5277
swg21636533,IBM Writing Verbose GC To A Specified Log In Solaris and HP-UX - United States,engineering-support,internal,engineering,techqa-proxy-owner,techqa-2025-05-05,hf://nvidia/TechQA-RAG-Eval/corpus/swg21636533.txt,nvidia/TechQA-RAG-Eval,Apache-2.0,1db6da210c442b048db70f67e3c3532160f589f9f240526542cb73bc01b00257
swg21451229,IBM Rule Team Server/Decision Center is timing out while performing certain operations - United States,engineering-support,internal,engineering,techqa-proxy-owner,techqa-2025-05-05,hf://nvidia/TechQA-RAG-Eval/corpus/swg21451229.txt,nvidia/TechQA-RAG-Eval,Apache-2.0,067f1cc7d52f499f3631440fa5f6d74c4f8ddbfbc89892cf7a68e6245ad9e862
swg1PI34677,IBM PI34677: MBEANSTARTER LOADEXTENSIONS FAILED TO LOAD EXTENSION - United States,operations-support,internal,operations,techqa-proxy-owner,techqa-2025-05-05,hf://nvidia/TechQA-RAG-Eval/corpus/swg1PI34677.txt,nvidia/TechQA-RAG-Eval,Apache-2.0,7f1406497af495083171334a63e7ba89d66da861425f8e174edcdfb3573ce5fb
swg21598779,IBM An unexpected ruleset version is executed - United States,engineering-support,internal,engineering,techqa-proxy-owner,techqa-2025-05-05,hf://nvidia/TechQA-RAG-Eval/corpus/swg21598779.txt,nvidia/TechQA-RAG-Eval,Apache-2.0,baa162f93b3837c3f646597d317196068d4124feaa8b6341d9ac34b6b81ecbbb
swg22014367,IBM Security Bulletin: Vulnerabilities in OpenSSL affect WebSphere MQ 5.3 and MQ 8 for HPE NonStop Server (CVE-2017-3735) - United States,security-support,restricted,restricted,techqa-proxy-owner,techqa-2025-05-05,hf://nvidia/TechQA-RAG-Eval/corpus/swg22014367.txt,nvidia/TechQA-RAG-Eval,Apache-2.0,5433184a10615bba3a7298805dfe6f50ed8b4402588fb3a3ae6b86572b6d793b
swg22010832,IBM Action required for IBM Integration Bus Hypervisor Edition V9.0 and WebSphere Message Broker Hypervisor Edition V8.0 for security vulnerabilities in Red Hat Linux - United States,security-support,restricted,restricted,techqa-proxy-owner,techqa-2025-05-05,hf://nvidia/TechQA-RAG-Eval/corpus/swg22010832.txt,nvidia/TechQA-RAG-Eval,Apache-2.0,6f92a730d56f2852ed467e92f15193a587660f11e6c255c57f81aea007257854
swg21634612,"IBM Use""isolate the resource provider"" to establish data source connections using a different JDBC driver from the same database vendor - United States",security-support,restricted,restricted,techqa-proxy-owner,techqa-2025-05-05,hf://nvidia/TechQA-RAG-Eval/corpus/swg21634612.txt,nvidia/TechQA-RAG-Eval,Apache-2.0,a20fc9973ad3e7f5051f3d9f92bc8c082ef1e0bca3eaf612b2ff75d7388e4b7d
swg21366662,IBM How to change Siebel connection settings using the  siebel.properties file in WebSphere Adapter for Siebel eBusiness Applications - United States,security-support,restricted,restricted,techqa-proxy-owner,techqa-2025-05-05,hf://nvidia/TechQA-RAG-Eval/corpus/swg21366662.txt,nvidia/TechQA-RAG-Eval,Apache-2.0,20f1b495ff079295440cc2bd28beec40892ac58e85a7ccca63236f508d7e651b
swg21965955,"IBM Security Bulletin: Multiple vulnerabilities in IBM® Java SDK affect WebSphere Application Server that ships with WebSphere Enterprise Service Bus (CVE-2015-2613, CVE-2015-2601, CVE-2015-4749, CVE-2015-2625, CVE-2015-1931) - United States",security-support,restricted,restricted,techqa-proxy-owner,techqa-2025-05-05,hf://nvidia/TechQA-RAG-Eval/corpus/swg21965955.txt,nvidia/TechQA-RAG-Eval,Apache-2.0,24a5adfa65e860176901f32842a0e8d9a6c613d67ceeb773fde27b8cec94d195
swg21268440,IBM Getting java.io.NotSerializableException when SessionObjectSize counter is enabled - United States,operations-support,internal,operations,techqa-proxy-owner,techqa-2025-05-05,hf://nvidia/TechQA-RAG-Eval/corpus/swg21268440.txt,nvidia/TechQA-RAG-Eval,Apache-2.0,0db08ebc30bdf1b3b029eb973b28a6903c1d37c02dfdc9741aaa3f0e9c749dd5
swg21993043,IBM Security Bulletin: WebSphere Message Broker and IBM Integration Bus are affected by Open Source Tomcat vulnerability (CVE-2016-3092) - United States,security-support,restricted,restricted,techqa-proxy-owner,techqa-2025-05-05,hf://nvidia/TechQA-RAG-Eval/corpus/swg21993043.txt,nvidia/TechQA-RAG-Eval,Apache-2.0,e7a58b9887741087d39861751ffbb3c2ca419ebe1a455f47eeb183356b0950d7
swg21067352,IBM Too Many Open Files error message - United States,engineering-support,internal,engineering,techqa-proxy-owner,techqa-2025-05-05,hf://nvidia/TechQA-RAG-Eval/corpus/swg21067352.txt,nvidia/TechQA-RAG-Eval,Apache-2.0,e6b802fc2a59c61aaad4416353c0d0f806c2e87382c1f1c13c29a0c0fc5f2ac0
swg24039742,IBM Tivoli Business Service Manager V6.1.1 Fix Pack 3(6.1.1-TIV-BSM-FP0003) - United States,security-support,restricted,restricted,techqa-proxy-owner,techqa-2025-05-05,hf://nvidia/TechQA-RAG-Eval/corpus/swg24039742.txt,nvidia/TechQA-RAG-Eval,Apache-2.0,af0f8b8cae543c4c62db26f0be61bd63ee34b4f93db02093508f8d97a4e32399
swg27050456,"IBM Important Information about the WebSphere MQ Configuration Agent, Withdrawn from IBM OMEGAMON for Messaging on z/OS V7.5 - United States",engineering-support,internal,engineering,techqa-proxy-owner,techqa-2025-05-05,hf://nvidia/TechQA-RAG-Eval/corpus/swg27050456.txt,nvidia/TechQA-RAG-Eval,Apache-2.0,50ddb2e73352915f7b294702199267c91c052ac0faff82b64a293830a8b6d42a
swg21639375,"IBM SCA destinations for IBM Business Process Manager (BPM), WebSphere Process Server (WPS) and WebSphere Enterprise Service Bus (WESB) are not preserved when uninstalling and reinstalling a service module - United States",engineering-support,internal,engineering,techqa-proxy-owner,techqa-2025-05-05,hf://nvidia/TechQA-RAG-Eval/corpus/swg21639375.txt,nvidia/TechQA-RAG-Eval,Apache-2.0,ca5bc0ee1dd15ddd0f2cfaeb8c8566e1cc5227100a06472553165989eca1ad41
swg21968399,IBM Security Bulletin: IBM WebSphere MQ MQXR insecure passwords (CVE-2015-2012) - United States,security-support,restricted,restricted,techqa-proxy-owner,techqa-2025-05-05,hf://nvidia/TechQA-RAG-Eval/corpus/swg21968399.txt,nvidia/TechQA-RAG-Eval,Apache-2.0,826136b67fcd25eabebdc8f77c79b5661136b3e7fe68109ea12c5413bca50019
swg21163875,IBM HTTP Session time-out settings and overwrite precedence rules - United States,engineering-support,internal,engineering,techqa-proxy-owner,techqa-2025-05-05,hf://nvidia/TechQA-RAG-Eval/corpus/swg21163875.txt,nvidia/TechQA-RAG-Eval,Apache-2.0,6809640686ab2e0015ddd21a1a453979c7038fef01959547786052a5cb13dde8
swg21959745,IBM Security Bulletin: Vulnerability in Diffie-Hellman ciphers affects IBM WebSphere MQ Internet Passthru (CVE-2015-4000) - United States,security-support,restricted,restricted,techqa-proxy-owner,techqa-2025-05-05,hf://nvidia/TechQA-RAG-Eval/corpus/swg21959745.txt,nvidia/TechQA-RAG-Eval,Apache-2.0,d864adadfd432aa8f172ff72af9b1cc994a40fb9a5a97946615be44c4771a673
swg22011696,IBM Action required for IBM Integration Bus Hypervisor Edition V9.0 and WebSphere Message Broker Hypervisor Edition V8.0 for security vulnerabilities in Red Hat Linux - United States,security-support,restricted,restricted,techqa-proxy-owner,techqa-2025-05-05,hf://nvidia/TechQA-RAG-Eval/corpus/swg22011696.txt,nvidia/TechQA-RAG-Eval,Apache-2.0,22691e476bc255463376ddedf73c3eb860f97cef7cb325ef76c64c6e9a2e7174
swg21308281,IBM Installing the Installation Manager on an NFS mounted disk - United States,engineering-support,internal,engineering,techqa-proxy-owner,techqa-2025-05-05,hf://nvidia/TechQA-RAG-Eval/corpus/swg21308281.txt,nvidia/TechQA-RAG-Eval,Apache-2.0,3331bbb0ed1a08a014eee1933df28205bda2c9dc91a456d66a06fe7511f38083
swg21624731,IBM JMSExceptions CWSIT0006E and CWSIA0241E on bus connect - United States,engineering-support,internal,engineering,techqa-proxy-owner,techqa-2025-05-05,hf://nvidia/TechQA-RAG-Eval/corpus/swg21624731.txt,nvidia/TechQA-RAG-Eval,Apache-2.0,b4ca1a2e709617184a67f87e14c382523f3781202b9dbde1772e15165dc4c083
swg21985013,"IBM Security Bulletin: IBM Integration Bus and WebSphere Message Broker, upon installation, set incorrect permissions for an object on unix platforms ( CVE-2016-0394 ) - United States",security-support,restricted,restricted,techqa-proxy-owner,techqa-2025-05-05,hf://nvidia/TechQA-RAG-Eval/corpus/swg21985013.txt,nvidia/TechQA-RAG-Eval,Apache-2.0,404d404a4e9004b65327c7a0fa5cf25fadd5db64ad2420da1286d7fac82017e5
swg21426787,IBM Portal upgrades fail during ejbdeploy with 'Error is Platform not running' message - United States,engineering-support,internal,engineering,techqa-proxy-owner,techqa-2025-05-05,hf://nvidia/TechQA-RAG-Eval/corpus/swg21426787.txt,nvidia/TechQA-RAG-Eval,Apache-2.0,eb2438803f34b012fab0f7b2bb7197b5d745c8c74aab72e44edf8e19556dee36
swg21695094,"IBM The affect of the auto-update feature for Oracle JDK 7 on IBM Mobile Foundation, IBM Worklight, IBM Worklight Foundation, and IBM MobileFirst Platform Foundation - United States",security-support,restricted,restricted,techqa-proxy-owner,techqa-2025-05-05,hf://nvidia/TechQA-RAG-Eval/corpus/swg21695094.txt,nvidia/TechQA-RAG-Eval,Apache-2.0,f97eac76832d148f7f3105122e1a98b870f1c1d5f1866c9233fb88a5922322df
swg27023910,IBM WebSphere Portal 7.0.0.2  Combined Cumulative Fix Readme - stand-alone - United States,security-support,restricted,restricted,techqa-proxy-owner,techqa-2025-05-05,hf://nvidia/TechQA-RAG-Eval/corpus/swg27023910.txt,nvidia/TechQA-RAG-Eval,Apache-2.0,fb719fd10e455ec15911bc9e1fbb683659bc5f5cbcec60393670830f950a7169
swg21512291,IBM WebSphere DataPower M/T 9235 appliance might incorrectly report failure of both power supplies - United States,operations-support,internal,operations,techqa-proxy-owner,techqa-2025-05-05,hf://nvidia/TechQA-RAG-Eval/corpus/swg21512291.txt,nvidia/TechQA-RAG-Eval,Apache-2.0,f52ae9c7d0e045afe10bba8879ec9a7d95264b4fcead0e19b7cb24bc30749ed6
swg21162896,IBM Diagnosing a java.lang.StackOverflowError - United States,engineering-support,internal,engineering,techqa-proxy-owner,techqa-2025-05-05,hf://nvidia/TechQA-RAG-Eval/corpus/swg21162896.txt,nvidia/TechQA-RAG-Eval,Apache-2.0,960b5d4fa8f7e9dbaf82c52ae657a289890bb24f9ec4577d578212a58bf12619
swg22003510,IBM Security Bulletin: Incorrect saved channel status enquiry could cause denial of service for IBM MQ (CVE-2017-1236) - United States,security-support,restricted,restricted,techqa-proxy-owner,techqa-2025-05-05,hf://nvidia/TechQA-RAG-Eval/corpus/swg22003510.txt,nvidia/TechQA-RAG-Eval,Apache-2.0,f80201e14fa0d8258f6b1d4e4536e324173d8242e0a34474e1d31303f5e63659
swg21292808,"IBM How to troubleshoot the error ""Failed to process response headers"" - United States",operations-support,internal,operations,techqa-proxy-owner,techqa-2025-05-05,hf://nvidia/TechQA-RAG-Eval/corpus/swg21292808.txt,nvidia/TechQA-RAG-Eval,Apache-2.0,53568781a02e2de8eb21892bf84073535aa3df09912b3c0df2510b522610ed44
swg21994039,IBM How to override the directory location for IBM P8 Content Platform Engine (CPE) logs. - United States,operations-support,internal,operations,techqa-proxy-owner,techqa-2025-05-05,hf://nvidia/TechQA-RAG-Eval/corpus/swg21994039.txt,nvidia/TechQA-RAG-Eval,Apache-2.0,5f4775f80f51ca776d85e573415dd100bcda7419c7285039984d474619527b1a
swg21600618,IBM web server Plugin may need LD_LIBRARY_PATH when used with Apache 2.2 - United States,security-support,restricted,restricted,techqa-proxy-owner,techqa-2025-05-05,hf://nvidia/TechQA-RAG-Eval/corpus/swg21600618.txt,nvidia/TechQA-RAG-Eval,Apache-2.0,4e6eac471382f89924f145ecc3e4f99300eccd4d3e3346f18e9f0cc599b801f9
swg21497604,IBM NoClassDefFoundError running Java class selected from server plugin jar - United States,operations-support,internal,operations,techqa-proxy-owner,techqa-2025-05-05,hf://nvidia/TechQA-RAG-Eval/corpus/swg21497604.txt,nvidia/TechQA-RAG-Eval,Apache-2.0,30281a6224df25505b2207a37360c0bcd90be38c893725c24f40ea07b2663224
swg21975233,IBM Security Bulletin: Vulnerability in MD5 Signature and Hash Algorithm affects WebSphere Message Broker and IBM Integration Bus (CVE-2015-7575) - United States,security-support,restricted,restricted,techqa-proxy-owner,techqa-2025-05-05,hf://nvidia/TechQA-RAG-Eval/corpus/swg21975233.txt,nvidia/TechQA-RAG-Eval,Apache-2.0,f067fc247e613a2d9eca659fee85b6f2ee7f084e27f2956aba0ffc9642ec7084
swg21244384,"IBM Using the ""reinitialize"" CLI command to reconfigure an appliance. - United States",engineering-support,internal,engineering,techqa-proxy-owner,techqa-2025-05-05,hf://nvidia/TechQA-RAG-Eval/corpus/swg21244384.txt,nvidia/TechQA-RAG-Eval,Apache-2.0,8686773a55bd87e6e414037581d38a21afc9d96993158b9a8672bd5f946d9ff2
swg21995004,IBM Security Bulletin: The WebAdmin context for WebSphere Message Broker Version 8 allows directory listings (CVE-2016-6080) - United States,security-support,restricted,restricted,techqa-proxy-owner,techqa-2025-05-05,hf://nvidia/TechQA-RAG-Eval/corpus/swg21995004.txt,nvidia/TechQA-RAG-Eval,Apache-2.0,40b6cc027132b11b4cefdeeb92bd49da8cc795e646c7d064bad1ae885bb82a7f
swg21618139,IBM Generating Java diagnostic dumps for IBM Integration Bus - United States,engineering-support,internal,engineering,techqa-proxy-owner,techqa-2025-05-05,hf://nvidia/TechQA-RAG-Eval/corpus/swg21618139.txt,nvidia/TechQA-RAG-Eval,Apache-2.0,d9c480fd2e71b4a70f49069ec403c1cd9e7e169472c80d3fc427ede8cb39d955
swg21612222,IBM How to Proxy SSL request from DataPower to Remote Proxy Server? - United States,security-support,restricted,restricted,techqa-proxy-owner,techqa-2025-05-05,hf://nvidia/TechQA-RAG-Eval/corpus/swg21612222.txt,nvidia/TechQA-RAG-Eval,Apache-2.0,2bdd147e8304d447702f56fc42c8dee07474c82f532d257b096d2f4e68e75a13
swg22002443,IBM FileNet Workplace XT war and ear files are unusually small - United States,engineering-support,internal,engineering,techqa-proxy-owner,techqa-2025-05-05,hf://nvidia/TechQA-RAG-Eval/corpus/swg22002443.txt,nvidia/TechQA-RAG-Eval,Apache-2.0,b5865c06640638fc8808fa94815393792770ba1391142e5176619bf59d877f8c
swg21249798,IBM MQJMS1068 error occurs when trying to create an XA connection from WebSphere Application Server to MQ - United States,engineering-support,internal,engineering,techqa-proxy-owner,techqa-2025-05-05,hf://nvidia/TechQA-RAG-Eval/corpus/swg21249798.txt,nvidia/TechQA-RAG-Eval,Apache-2.0,1947e9002b6baf75991833b0236c9609069281c5cf5318e1277b71cb987d88f8
swg24041394,"IBM PI50993:Apache HTTPComponents vulnerabilities in WebSphere Application Server (CVE-2012-6153, CVE-2014-3577) - United States",security-support,restricted,restricted,techqa-proxy-owner,techqa-2025-05-05,hf://nvidia/TechQA-RAG-Eval/corpus/swg24041394.txt,nvidia/TechQA-RAG-Eval,Apache-2.0,109cc720386225fcd5f7ce3fc3bfa0ffd21fbc2093d02850881b4b1f7865d9f9
swg21994741,IBM Learning more about EJBDeploy - United States,engineering-support,internal,engineering,techqa-proxy-owner,techqa-2025-05-05,hf://nvidia/TechQA-RAG-Eval/corpus/swg21994741.txt,nvidia/TechQA-RAG-Eval,Apache-2.0,a1aea4cfcfdc994a4fda3f05f38c38ed4976537d9196aec4378619b753acc76b
swg21192604,IBM MustGather: Sessions and session management problems in WebSphere Application Server - United States,security-support,restricted,restricted,techqa-proxy-owner,techqa-2025-05-05,hf://nvidia/TechQA-RAG-Eval/corpus/swg21192604.txt,nvidia/TechQA-RAG-Eval,Apache-2.0,dd47672a16c4a645aed2dfff3c7cccce9bd4cdc25816eed5c216cd79491c9844
swg21985017,IBM Security Bulletin: Integration server  HTTP listener exposes stack trace in WebSphere Message Broker and IBM Integration Bus - United States,security-support,restricted,restricted,techqa-proxy-owner,techqa-2025-05-05,hf://nvidia/TechQA-RAG-Eval/corpus/swg21985017.txt,nvidia/TechQA-RAG-Eval,Apache-2.0,760a2e544eeb0aae816f13fc4367f6d2332c2f6bed2cb34290af65ba6668a632
swg21700633,IBM Security Bulletin: Security vulnerabilities have been identified in IBM DB2 shipped with WebSphere Remote Server (CVE-2014-8730) - United States,security-support,restricted,restricted,techqa-proxy-owner,techqa-2025-05-05,hf://nvidia/TechQA-RAG-Eval/corpus/swg21700633.txt,nvidia/TechQA-RAG-Eval,Apache-2.0,413563014d0d3a133b17b0f7a0790a428c08549b61b30c42634717054ec7df96
swg21445801,IBM WCM page and authoring portlet may not display after migration - United States,engineering-support,internal,engineering,techqa-proxy-owner,techqa-2025-05-05,hf://nvidia/TechQA-RAG-Eval/corpus/swg21445801.txt,nvidia/TechQA-RAG-Eval,Apache-2.0,1583e21142bbe032646f7abce422473ed9db6a0787956fde8db8f413e1215860
swg21701478,"IBM When attempting to install a second Portal 8.5 instance on the same machine you receive the error, ""ERROR: Error executing the work flow.  Step 'Basic Config' FAILED!"" - United States",engineering-support,internal,engineering,techqa-proxy-owner,techqa-2025-05-05,hf://nvidia/TechQA-RAG-Eval/corpus/swg21701478.txt,nvidia/TechQA-RAG-Eval,Apache-2.0,b05144d27972f330d929cb3c14dbcf0b474c317bd6165ae81cb4205e4d67f71c
swg22013088,IBM Security Bulletin: IBM API Connect is affected by Node.js tough-cookie module vulnerability to a denial of service (CVE-2016-1000232) - United States,security-support,restricted,restricted,techqa-proxy-owner,techqa-2025-05-05,hf://nvidia/TechQA-RAG-Eval/corpus/swg22013088.txt,nvidia/TechQA-RAG-Eval,Apache-2.0,fc2355188714bfa3632119569731ca06bac87978a12e650c4ca4ce9a9d4e3b9d
swg21397335,IBM Using WASServiceCmd to create Windows services for WebSphere Application Servers - United States,engineering-support,internal,engineering,techqa-proxy-owner,techqa-2025-05-05,hf://nvidia/TechQA-RAG-Eval/corpus/swg21397335.txt,nvidia/TechQA-RAG-Eval,Apache-2.0,2d5a85a23ae2d0eba0d8e72418b554b2d2fc6b1bd23b3186c89b9ac583e8f79b
swg21365841,IBM EJB WIMServiceHome cannot be found even after .ear file is installed successfully - United States,engineering-support,internal,engineering,techqa-proxy-owner,techqa-2025-05-05,hf://nvidia/TechQA-RAG-Eval/corpus/swg21365841.txt,nvidia/TechQA-RAG-Eval,Apache-2.0,f48a93c96e1ef47c97beebf4a9105d1413db61a619989f034944619a6f009c24
swg21269136,IBM DataPower off-device logging: a configuration example - United States,engineering-support,internal,engineering,techqa-proxy-owner,techqa-2025-05-05,hf://nvidia/TechQA-RAG-Eval/corpus/swg21269136.txt,nvidia/TechQA-RAG-Eval,Apache-2.0,fb716cd99b7fb13f02989b09ea5855bb10e60f0a480b427fa65e0632aee2bc83
swg21962588,IBM Security Bulletin: Multiple vulnerabilities in IBM Java SDK affect IBM OS Images for Red Hat Linux Systems and AIX (CVE-2015-0410 and CVE-2014-6593) - United States,security-support,restricted,restricted,techqa-proxy-owner,techqa-2025-05-05,hf://nvidia/TechQA-RAG-Eval/corpus/swg21962588.txt,nvidia/TechQA-RAG-Eval,Apache-2.0,9193dd3d3418ba2bf4231583321dfe1a046942b6cd248fb4310ee894687f9c60
swg24041563,IBM ITCAM Agent for WebSphere DataPower Applications: 7.1.0-TIV-ITM_WDP-FP0003 - United States,security-support,restricted,restricted,techqa-proxy-owner,techqa-2025-05-05,hf://nvidia/TechQA-RAG-Eval/corpus/swg24041563.txt,nvidia/TechQA-RAG-Eval,Apache-2.0,c6e8b681060c666508dc702eeb8cd2e093245b96d82e480de4e759c38b5f1ec1
swg21999724,"IBM Security Bulletin: Vulnerabilities in OpenSSL affect IBM MQ Advanced Message Security (CVE-2016-2177, CVE-2016-2178) - United States",security-support,restricted,restricted,techqa-proxy-owner,techqa-2025-05-05,hf://nvidia/TechQA-RAG-Eval/corpus/swg21999724.txt,nvidia/TechQA-RAG-Eval,Apache-2.0,f2fbff5d60d7174669d61efaf88f3a4b2dcf1774b2aec3bc30df2a7927b43a87
swg21959709,IBM Security Bulletin: Vulnerabilities in IBM Dojo Toolkit affect IBM Image Construction and Composition Tool (CVE-2014-8917) - United States,security-support,restricted,restricted,techqa-proxy-owner,techqa-2025-05-05,hf://nvidia/TechQA-RAG-Eval/corpus/swg21959709.txt,nvidia/TechQA-RAG-Eval,Apache-2.0,7da3ced449a127461d25b481532616f6b705bbbc9d4954fd64d635e29cdc716a
swg22002975,IBM Security Bulletin: A security vulnerability has been identified in IBM Tivoli Network Manager IP Edition shipped with WebSphere Application Server (CVE-2017-1194) - United States,security-support,restricted,restricted,techqa-proxy-owner,techqa-2025-05-05,hf://nvidia/TechQA-RAG-Eval/corpus/swg22002975.txt,nvidia/TechQA-RAG-Eval,Apache-2.0,a7897abf7a1ec60554b01bf08d1adfa82e6a92d94b59a7e391d04d751dd7a826
swg22009842,IBM Security Bulletin: IBM MQ Appliance is affected by a Network Security Services (NSS) vulnerability (CVE-2017-7805) - United States,security-support,restricted,restricted,techqa-proxy-owner,techqa-2025-05-05,hf://nvidia/TechQA-RAG-Eval/corpus/swg22009842.txt,nvidia/TechQA-RAG-Eval,Apache-2.0,adb1fc23f4eadd5eeaf3c1e9b054c7c507de1df25b87cc1337caec84b80a6d69
swg21255545,IBM Locating ITM Workspace Application Support Files for z/OS Agents - United States,engineering-support,internal,engineering,techqa-proxy-owner,techqa-2025-05-05,hf://nvidia/TechQA-RAG-Eval/corpus/swg21255545.txt,nvidia/TechQA-RAG-Eval,Apache-2.0,2ab1f57897175d4f12fdbd1a70ab36d2a38091b8f9de44a17efe19d53a8a7f68
swg21599258,IBM Installing IBM Tivoli Directory Server Version 6.3 on RHEL 6 operating system - United States,security-support,restricted,restricted,techqa-proxy-owner,techqa-2025-05-05,hf://nvidia/TechQA-RAG-Eval/corpus/swg21599258.txt,nvidia/TechQA-RAG-Eval,Apache-2.0,00ff9b6b49f63d5a02a0af2ba3ad05b753c6a6b6de9f168558979806c2135c2a
swg21569953,IBM Portal 7.0.0.1 migration may fail with error EJPPH0044E EJPPH0001E ADMC0009E while running upgrade-profile task. - United States,engineering-support,internal,engineering,techqa-proxy-owner,techqa-2025-05-05,hf://nvidia/TechQA-RAG-Eval/corpus/swg21569953.txt,nvidia/TechQA-RAG-Eval,Apache-2.0,40e502e2c872a916a65d0290e378fddf93593c1eadb6d01adb64e08690298e51
swg21690163,IBM Steps to disable RC4 SSL ciphers in Tivoli Integrated Portal - United States,security-support,restricted,restricted,techqa-proxy-owner,techqa-2025-05-05,hf://nvidia/TechQA-RAG-Eval/corpus/swg21690163.txt,nvidia/TechQA-RAG-Eval,Apache-2.0,e973de7a7dd39d5a2b03c7face8bda35a0fef95849606dade51180418db30a9c
swg21577138,IBM MQ 7.1 and later: How to remove a channel authentication record (CHLAUTH) - United States,security-support,restricted,restricted,techqa-proxy-owner,techqa-2025-05-05,hf://nvidia/TechQA-RAG-Eval/corpus/swg21577138.txt,nvidia/TechQA-RAG-Eval,Apache-2.0,0d667285bce89e3e7548864b8bdaf8415e89be0a9813770cf4a837aba1da25ef
swg27038676,IBM Levels of JRE and GSkit bundled with IBM MQ - United States,security-support,restricted,restricted,techqa-proxy-owner,techqa-2025-05-05,hf://nvidia/TechQA-RAG-Eval/corpus/swg27038676.txt,nvidia/TechQA-RAG-Eval,Apache-2.0,57320440a8da80c58ce3373a95a1ece5cf1c458362764fe498423b35dc1c95fc
swg21967265,IBM Security Bulletin: MQSISTOP/STARTMSGFLOW commands with unauthorized user succeed affects IBM WebSphere Message Broker and IBM Integration Bus (CVE-2015-5011) - United States,security-support,restricted,restricted,techqa-proxy-owner,techqa-2025-05-05,hf://nvidia/TechQA-RAG-Eval/corpus/swg21967265.txt,nvidia/TechQA-RAG-Eval,Apache-2.0,f1df8205b085cfa08e9dd0f1c915964dc6196f90126f9ae0352f32559e74adb4
swg22013054,IBM Security Bulletin: API Connect is affected by a cross-site scripting vulnerability,security-support,restricted,restricted,techqa-proxy-owner,techqa-2025-05-05,hf://nvidia/TechQA-RAG-Eval/corpus/swg22013054.txt,nvidia/TechQA-RAG-Eval,Apache-2.0,fa4424e2d6c1e5c1beadef726fe806921bdfff764e9c3bee28570a5e2a244c41
swg21569731,IBM Collect troubleshooting data for the IBM Business Process Manager products - United States,security-support,restricted,restricted,techqa-proxy-owner,techqa-2025-05-05,hf://nvidia/TechQA-RAG-Eval/corpus/swg21569731.txt,nvidia/TechQA-RAG-Eval,Apache-2.0,57cdc32f7b6c121f480a6a957f08f821d0882b31f99b1770ceb2d072c0808fd6
swg22008829,IBM Security Bulletin:IBM Integration Bus is affected by deserialization RCE vulnerability in IBM WebSphere JMS Client - United States,security-support,restricted,restricted,techqa-proxy-owner,techqa-2025-05-05,hf://nvidia/TechQA-RAG-Eval/corpus/swg22008829.txt,nvidia/TechQA-RAG-Eval,Apache-2.0,c7ff9bb80444fb80eddc70cf1ab277f2eb5d04b4db961df39a4cb5708fa67c75
swg21282614,IBM TroubleShooting: JavaServer Pages (JSP) problems - United States,engineering-support,internal,engineering,techqa-proxy-owner,techqa-2025-05-05,hf://nvidia/TechQA-RAG-Eval/corpus/swg21282614.txt,nvidia/TechQA-RAG-Eval,Apache-2.0,6e17eed025379de47a24a40a4811ac64c95353e9a3bee6e84a748ab8f8af43fc
swg21399255,IBM After upgrading to 7.0.1.0 you get SSL error AMQ9716 - United States,security-support,restricted,restricted,techqa-proxy-owner,techqa-2025-05-05,hf://nvidia/TechQA-RAG-Eval/corpus/swg21399255.txt,nvidia/TechQA-RAG-Eval,Apache-2.0,d1464c590d5280e4f827fd09be028d7a5d226fc571da5cfc426246deb43ee733
swg21512416,IBM OMEGAMON XE MQ Monitoring Agent Issue the ALTER QLOCAL Command - United States,engineering-support,internal,engineering,techqa-proxy-owner,techqa-2025-05-05,hf://nvidia/TechQA-RAG-Eval/corpus/swg21512416.txt,nvidia/TechQA-RAG-Eval,Apache-2.0,cb427468e07ac1615c1643f51473cd6d9d613718bde43e6766b7c2c3663f9a60
swg21971058,"IBM Security Bulletin: Multiple vulnerabilities identified in IBM® Java SDK affect WebSphere Service Registry and Repository Studio (CVE-2015-4872, CVE-2015-4911, CVE-2015-4893, CVE-2015-4803) - United States",security-support,restricted,restricted,techqa-proxy-owner,techqa-2025-05-05,hf://nvidia/TechQA-RAG-Eval/corpus/swg21971058.txt,nvidia/TechQA-RAG-Eval,Apache-2.0,8918f896602f5a070848153b350b196e3d0110a58fa490b546a7882c0ccb9fe5
swg1PI47826,IBM PI47826: VMM DOES NOT CLEAR THE CACHE IF CLEARENTITY MODE IS USED. - United States,operations-support,internal,operations,techqa-proxy-owner,techqa-2025-05-05,hf://nvidia/TechQA-RAG-Eval/corpus/swg1PI47826.txt,nvidia/TechQA-RAG-Eval,Apache-2.0,ceecf80ef4f8b2c94995d229bd72afc2178fbbf496f86053b1f352f755747a59
swg27023600,IBM WebSphere Message Broker Version 8.0 Readme - United States,security-support,restricted,restricted,techqa-proxy-owner,techqa-2025-05-05,hf://nvidia/TechQA-RAG-Eval/corpus/swg27023600.txt,nvidia/TechQA-RAG-Eval,Apache-2.0,4efc6812256f53fe2a749db04bdea6cb9571832fa39d6ec5a5f8a4cb1d2536ca
swg21220832,IBM Purging the connection pool of a WebSphere Application Server data source using the data source MBean - United States,engineering-support,internal,engineering,techqa-proxy-owner,techqa-2025-05-05,hf://nvidia/TechQA-RAG-Eval/corpus/swg21220832.txt,nvidia/TechQA-RAG-Eval,Apache-2.0,96cbff16a6bbaf0d8e9787f0fcd36f1157280e945df9fcf0ac410e9150c84d56
swg21405302,IBM Disabling WebSphere administrative security when admin console is not accessible - United States,security-support,restricted,restricted,techqa-proxy-owner,techqa-2025-05-05,hf://nvidia/TechQA-RAG-Eval/corpus/swg21405302.txt,nvidia/TechQA-RAG-Eval,Apache-2.0,edc001c101b4add7a377cf375ac2808ab5684fdef59dcc478c06096daa9b4800
swg21685435,"IBM WebSphere DataPower is not affected by the Bash vulnerabilities (CVE-2014-6271, CVE-2014-7169, CVE-2014-7186, CVE-2014-7187, CVE-2014-6277, and CVE-2014-6278)",security-support,restricted,restricted,techqa-proxy-owner,techqa-2025-05-05,hf://nvidia/TechQA-RAG-Eval/corpus/swg21685435.txt,nvidia/TechQA-RAG-Eval,Apache-2.0,4333ad08b19fdb1d38d43cd611a87035e36e388fadee8a1ddeb247b56fd2ee52
swg21662193,IBM Changes in the default user identifier between WebSphere MQ V7.0.1 classes for JMS and WebSphere MQ V7.1 classes for JMS - United States,security-support,restricted,restricted,techqa-proxy-owner,techqa-2025-05-05,hf://nvidia/TechQA-RAG-Eval/corpus/swg21662193.txt,nvidia/TechQA-RAG-Eval,Apache-2.0,b09f01ae8e9e6a9b99d5dbcef71e10580b0636442b8e31842b9234b40ff0773e
swg21649807,IBM Specifying the profile path in the BPMConfig properties file for IBM Business Process Manager (BPM) - United States,engineering-support,internal,engineering,techqa-proxy-owner,techqa-2025-05-05,hf://nvidia/TechQA-RAG-Eval/corpus/swg21649807.txt,nvidia/TechQA-RAG-Eval,Apache-2.0,93ca444cf2b7b651b9f1e3eaa2a9279f3ac13094d480e2e02d608f229eaeaa99
swg22005400,IBM Security Bulletin: IBM MQ and IBM MQ Appliance MQOPEN call might succeed when it should have failed.  (CVE-2017-1341 ) - United States,security-support,restricted,restricted,techqa-proxy-owner,techqa-2025-05-05,hf://nvidia/TechQA-RAG-Eval/corpus/swg22005400.txt,nvidia/TechQA-RAG-Eval,Apache-2.0,14631e562afd75f3b172c41b42602cbb7b1e456a1ea8f6e3f4f9cefebd176a68
swg21197705,IBM Using Oracle JDBC driver specific properties through a datasource - United States,engineering-support,internal,engineering,techqa-proxy-owner,techqa-2025-05-05,hf://nvidia/TechQA-RAG-Eval/corpus/swg21197705.txt,nvidia/TechQA-RAG-Eval,Apache-2.0,b8c5716f38c1c04c26cc9b54c00af42d484bb5e34486ccebbbfeeb48c3725aa6
swg21638268,IBM Supported Upgrade and Downgrade paths for DataPower Virtual Edition - United States,engineering-support,internal,engineering,techqa-proxy-owner,techqa-2025-05-05,hf://nvidia/TechQA-RAG-Eval/corpus/swg21638268.txt,nvidia/TechQA-RAG-Eval,Apache-2.0,3050b46301647fd661df65fb9719c524b6e0214f65e4d656ee410936bd03440e
swg21613001,IBM Configuring file content extraction tools for IBM Connections Search - United States,engineering-support,internal,engineering,techqa-proxy-owner,techqa-2025-05-05,hf://nvidia/TechQA-RAG-Eval/corpus/swg21613001.txt,nvidia/TechQA-RAG-Eval,Apache-2.0,45b0c08087139b373a46555cdb96b069481b99f869071b3980848b975fecc5a2
swg22009436,IBM Action required for IBM Integration Bus Hypervisor Edition V9.0 and WebSphere Message Broker Hypervisor Edition V8.0 for security vulnerabilities in Red Hat Linux - United States,security-support,restricted,restricted,techqa-proxy-owner,techqa-2025-05-05,hf://nvidia/TechQA-RAG-Eval/corpus/swg22009436.txt,nvidia/TechQA-RAG-Eval,Apache-2.0,54033fda535d7d984916bcf2ad93c1f87401fa6a35ae7f51357c99d65ab9e589
swg27048530,IBM Software maintenance strategy for CICS TS and its embedded components - United States,engineering-support,internal,engineering,techqa-proxy-owner,techqa-2025-05-05,hf://nvidia/TechQA-RAG-Eval/corpus/swg27048530.txt,nvidia/TechQA-RAG-Eval,Apache-2.0,f2010f94f3e6678b0cde02c5075b06e0606e01379b71379156f813f885d37053
swg21695676,IBM Action required for IBM WebSphere MQ Hypervisor Edition for Red Hat Enterprise Linux Server for the GNU C library (glibc) vulnerability (CVE-2015-0235) - United States,security-support,restricted,restricted,techqa-proxy-owner,techqa-2025-05-05,hf://nvidia/TechQA-RAG-Eval/corpus/swg21695676.txt,nvidia/TechQA-RAG-Eval,Apache-2.0,093c68c86a724ffab5c10388ebc5e5e7043888bdfb3ac74270ebc7b5d398278e
swg21138332,IBM Java SDK Upgrade Policy for the IBM WebSphere Application Server - United States,engineering-support,internal,engineering,techqa-proxy-owner,techqa-2025-05-05,hf://nvidia/TechQA-RAG-Eval/corpus/swg21138332.txt,nvidia/TechQA-RAG-Eval,Apache-2.0,ecad2a4b2bf1565824719657565af1a68e53931d6b2f7115453ce73116f0b965
swg21606716,IBM Message RT7507E: Unable to initialize Repository: Default occurs in SystemOut.log after successful database transfer from Derby to DB2 - United States,engineering-support,internal,engineering,techqa-proxy-owner,techqa-2025-05-05,hf://nvidia/TechQA-RAG-Eval/corpus/swg21606716.txt,nvidia/TechQA-RAG-Eval,Apache-2.0,47bb7a7160d369a4d2fe2d4e33bcd6b8318cd047afb073542358ef675b664ab2
swg22013955,IBM Security Bulletin: Multiple Vulnerabilities identified in IBM® Java SDK affect WebSphere Service Registry and Repository and WebSphere Service Registry and Repository Studio - United States,security-support,restricted,restricted,techqa-proxy-owner,techqa-2025-05-05,hf://nvidia/TechQA-RAG-Eval/corpus/swg22013955.txt,nvidia/TechQA-RAG-Eval,Apache-2.0,52d236a91c55f7d7c2a27e2c594bbf0c9a524ba5803caea15159388da422a0cc
swg21380213,IBM WebSphere DataPower SOA Appliance MQ Manager Object's connections are not closed as expected. - United States,operations-support,internal,operations,techqa-proxy-owner,techqa-2025-05-05,hf://nvidia/TechQA-RAG-Eval/corpus/swg21380213.txt,nvidia/TechQA-RAG-Eval,Apache-2.0,e4884c694cfb634bf8d65d68e768ace63f2bfc74219923b42953249f3dc37b22
swg21962370,IBM Security Bulletin: Multiple vulnerabilities in IBM Java SDK affect IBM Image Construction and Composition Tool (CVE-2015-0410 and CVE-2014-6593) - United States,security-support,restricted,restricted,techqa-proxy-owner,techqa-2025-05-05,hf://nvidia/TechQA-RAG-Eval/corpus/swg21962370.txt,nvidia/TechQA-RAG-Eval,Apache-2.0,6e4d6c5d1b47b6d9571b5bd5f483ad2aab1570e6aac2ea8b03e1fe5eebe581aa
swg21687172,IBM Security Bulletin: Vulnerability in SSLv3 affects IBM HTTP Server (CVE-2014-3566) - United States,security-support,restricted,restricted,techqa-proxy-owner,techqa-2025-05-05,hf://nvidia/TechQA-RAG-Eval/corpus/swg21687172.txt,nvidia/TechQA-RAG-Eval,Apache-2.0,c7aac5459c2833b3900c901b43e85ecbf5581bc8c5de27eed2adf67c3e764c80
swg21498634,IBM Unable to connect using network services: WebGUI or ssh after upgrading WebSphere DataPower firmware - United States,security-support,restricted,restricted,techqa-proxy-owner,techqa-2025-05-05,hf://nvidia/TechQA-RAG-Eval/corpus/swg21498634.txt,nvidia/TechQA-RAG-Eval,Apache-2.0,6332123e77c4c9a72ae765680b5acdea76b2bd485b016cdcd960720da6ed7c76
swg1PM66670,"IBM PM66670: WHEN LOGIN ATTRIBUTE VALUE HAS ""="" SIGN IN IT, INVALIDUNIQUENAME EXCEPTION IS THROWN. - United States",security-support,restricted,restricted,techqa-proxy-owner,techqa-2025-05-05,hf://nvidia/TechQA-RAG-Eval/corpus/swg1PM66670.txt,nvidia/TechQA-RAG-Eval,Apache-2.0,804df224271fe9d00093a6a4ef7721ba74dc20c428e8694ce1353f964885023a
swg22008382,IBM Security Bulletin:  Multiple vulnerabilities in IBM Java Runtime affect API Connect - United States,security-support,restricted,restricted,techqa-proxy-owner,techqa-2025-05-05,hf://nvidia/TechQA-RAG-Eval/corpus/swg22008382.txt,nvidia/TechQA-RAG-Eval,Apache-2.0,526fca09878b05c5ac73a8caec44cc6d9b4e65b48e95db29c187b4beedd1ff14
swg21700865,IBM Security Bulletin: A security vulnerability has been identified in WebSphere Application Server shipped with IBM Business Monitor (CVE-2015-0138) - United States,security-support,restricted,restricted,techqa-proxy-owner,techqa-2025-05-05,hf://nvidia/TechQA-RAG-Eval/corpus/swg21700865.txt,nvidia/TechQA-RAG-Eval,Apache-2.0,098b484ccd8a0dfd2be73a72f8ecc2a321aab52cb6ad30175f362fcf70a1c93c
swg21449103,IBM Limitations when deploying more than one Rule Execution Server console - United States,engineering-support,internal,engineering,techqa-proxy-owner,techqa-2025-05-05,hf://nvidia/TechQA-RAG-Eval/corpus/swg21449103.txt,nvidia/TechQA-RAG-Eval,Apache-2.0,b72601979413d08a4744d476edbd9a70ac9b88c6a8552cb17e3d61d54487ce23
swg21078845,"IBM Security Cache, LTPA Token, and Session Time Outs - United States",security-support,restricted,restricted,techqa-proxy-owner,techqa-2025-05-05,hf://nvidia/TechQA-RAG-Eval/corpus/swg21078845.txt,nvidia/TechQA-RAG-Eval,Apache-2.0,c516f4075a1c73d9a1e5b832944a5e77dfb83a8e97d3fad9d70c4f546cd0b92b
swg21498780,IBM Format of XML-type ruleset parameters in SOAP messages with MTDS - United States,operations-support,internal,operations,techqa-proxy-owner,techqa-2025-05-05,hf://nvidia/TechQA-RAG-Eval/corpus/swg21498780.txt,nvidia/TechQA-RAG-Eval,Apache-2.0,4840557b50195a56c587d2b66299487dfb2ae3594531a59c4fe50fd2195afa18
swg21192546,IBM Failover to secondary node under MSCS and the queue manager will not start - United States,operations-support,internal,operations,techqa-proxy-owner,techqa-2025-05-05,hf://nvidia/TechQA-RAG-Eval/corpus/swg21192546.txt,nvidia/TechQA-RAG-Eval,Apache-2.0,3b0b3714bdfcf20d1f189e817b4a2525885985d16af193f3acd3b7890ef3757c
swg21319595,IBM HPDMG0759W error when creating the AMJRTE properties file - United States,security-support,restricted,restricted,techqa-proxy-owner,techqa-2025-05-05,hf://nvidia/TechQA-RAG-Eval/corpus/swg21319595.txt,nvidia/TechQA-RAG-Eval,Apache-2.0,bd6db5ef76b3aba043f6f94c9b1e1438181f7f083397ba96faf314ec3b3ccc66
swg21157005,IBM MustGather: Object Request Broker (ORB) problems with WebSphere Application Server - United States,security-support,restricted,restricted,techqa-proxy-owner,techqa-2025-05-05,hf://nvidia/TechQA-RAG-Eval/corpus/swg21157005.txt,nvidia/TechQA-RAG-Eval,Apache-2.0,23a4c5602d512cf0cae7b86cd547c7025787d1a564fc092fbe5ade4b2557f057
swg22010419,IBM Security Bulletin: Information disclosure in WebSphere Application Server (CVE-2017-1681) - United States,security-support,restricted,restricted,techqa-proxy-owner,techqa-2025-05-05,hf://nvidia/TechQA-RAG-Eval/corpus/swg22010419.txt,nvidia/TechQA-RAG-Eval,Apache-2.0,dd0b125a644345053b4e93c492b170a673c1a52f55238f331874d1a97f153332
swg21959083,IBM Security Bulletin: Multiple Security Vulnerabilities fixed in IBM WebSphere Application Server 8.5.5.6 - United States,security-support,restricted,restricted,techqa-proxy-owner,techqa-2025-05-05,hf://nvidia/TechQA-RAG-Eval/corpus/swg21959083.txt,nvidia/TechQA-RAG-Eval,Apache-2.0,e85a970ef0a29f3740587a4436e6f5f382c2e23f5dd56f902e3b58f85210aa63
swg21697120,IBM Security Bulletin: Persistent cross-site scripting vulnerability in Process Admin Console affecting IBM Business Process Manager (BPM) and WebSphere Lombardi Edition (WLE) CVE-2015-0156 - United States,security-support,restricted,restricted,techqa-proxy-owner,techqa-2025-05-05,hf://nvidia/TechQA-RAG-Eval/corpus/swg21697120.txt,nvidia/TechQA-RAG-Eval,Apache-2.0,074ab7e747f3bbb0fe6b91f9763ce7072b017bb315c447cd547aaa5c28871e99
swg21425772,"IBM ""An invalid XML character"" error is thrown when handling data originating from a WebSphere Adapter - United States",operations-support,internal,operations,techqa-proxy-owner,techqa-2025-05-05,hf://nvidia/TechQA-RAG-Eval/corpus/swg21425772.txt,nvidia/TechQA-RAG-Eval,Apache-2.0,cdd920cac8125f5f7feb95ad799e01f132cda8e4c1b1451681689849306cea28
swg21681464,IBM Syndicating to VP with exclusive realms does not work. - United States,engineering-support,internal,engineering,techqa-proxy-owner,techqa-2025-05-05,hf://nvidia/TechQA-RAG-Eval/corpus/swg21681464.txt,nvidia/TechQA-RAG-Eval,Apache-2.0,c18a37708caa73993540e0015cd89c1ffdb354c0a05050c54d1270a82f377d47
swg21974599,IBM Security Bulletin: Vulnerability in MD5 Signature and Hash Algorithm affects IBM MQ Appliance (CVE-2015-7575) - United States,security-support,restricted,restricted,techqa-proxy-owner,techqa-2025-05-05,hf://nvidia/TechQA-RAG-Eval/corpus/swg21974599.txt,nvidia/TechQA-RAG-Eval,Apache-2.0,43635869f01dab3854a934cc647312b21562a5cd119d22dbd28736af0f1960f5
swg21674407,IBM Announcement: End of Support for WebSphere MQ and WebSphere MQ File Transfer Edition V7.0.1 and V7.0.0 and WebSphere MQ Telemetry V7.0.1 - United States,security-support,restricted,restricted,techqa-proxy-owner,techqa-2025-05-05,hf://nvidia/TechQA-RAG-Eval/corpus/swg21674407.txt,nvidia/TechQA-RAG-Eval,Apache-2.0,a2eef23171f86e1eaead4126b5413764e822f46e057ddcd235239d37d99304fb
swg21964501,IBM Security Bulletin: Vulnerability in Diffie-Hellman ciphers affects IBM Image Construction and CompositionTool. (CVE-2015-4000) - United States,security-support,restricted,restricted,techqa-proxy-owner,techqa-2025-05-05,hf://nvidia/TechQA-RAG-Eval/corpus/swg21964501.txt,nvidia/TechQA-RAG-Eval,Apache-2.0,47e0b4389e4539d79360cdffc97206719214cfc5c88941e4d7127385c0d63eb0
swg27046040,IBM Integration Bus Healthcare Pack V4.0 release notes - United States,engineering-support,internal,engineering,techqa-proxy-owner,techqa-2025-05-05,hf://nvidia/TechQA-RAG-Eval/corpus/swg27046040.txt,nvidia/TechQA-RAG-Eval,Apache-2.0,b2e86d3b2a114a1c8db8b5f7cb2aa2895035bfec8a2dc97e58e321d330e92c57
swg22009964,"IBM Security Bulletin: Multiple vulnerabilities in Node.js affect IBM API Connect (CVE-2017-1000381, CVE-2017-11499) - United States",security-support,restricted,restricted,techqa-proxy-owner,techqa-2025-05-05,hf://nvidia/TechQA-RAG-Eval/corpus/swg22009964.txt,nvidia/TechQA-RAG-Eval,Apache-2.0,18a21b5877944e61211639e7b02503a78c3f05ef60f7e46d9a08e6e2a9a4b817
swg21318303,IBM Identify the application that has a WMQ queue opened - United States,operations-support,internal,operations,techqa-proxy-owner,techqa-2025-05-05,hf://nvidia/TechQA-RAG-Eval/corpus/swg21318303.txt,nvidia/TechQA-RAG-Eval,Apache-2.0,410ed37e0e7120965570d4cae412dcf19e7a4b59321d8d7ade34d41b263138c8
swg27041395,IBM System Requirements for WebSphere MQ V8.0 - United States,security-support,restricted,restricted,techqa-proxy-owner,techqa-2025-05-05,hf://nvidia/TechQA-RAG-Eval/corpus/swg27041395.txt,nvidia/TechQA-RAG-Eval,Apache-2.0,033080129a50566b7e48b1a49209500ccaeda143523b6bd6d3c321b02b7446dd
swg22010680,IBM Security Bulletin: Vulnerability in Apache Commons FileUpload affects IBM WebSphere Service Registry and Repository (CVE-2016-1000031) - United States,security-support,restricted,restricted,techqa-proxy-owner,techqa-2025-05-05,hf://nvidia/TechQA-RAG-Eval/corpus/swg22010680.txt,nvidia/TechQA-RAG-Eval,Apache-2.0,3e4ea2ba698dd700d6f18ad49fa17013fc08f76a2fb4897949280da52a6de070
swg21974598,IBM Security Bulletin: A vulnerability in the GSKit component of IBM MQ Appliance (CVE-2016-0201) - United States,security-support,restricted,restricted,techqa-proxy-owner,techqa-2025-05-05,hf://nvidia/TechQA-RAG-Eval/corpus/swg21974598.txt,nvidia/TechQA-RAG-Eval,Apache-2.0,1546b78caf0ccc22725d1d7b118983145e3c5261550ca3e4744886f2c1c8e779
swg21417765,IBM Configuring defaultRowPrefetch for an Oracle JDBC driver - United States,operations-support,internal,operations,techqa-proxy-owner,techqa-2025-05-05,hf://nvidia/TechQA-RAG-Eval/corpus/swg21417765.txt,nvidia/TechQA-RAG-Eval,Apache-2.0,d8cefc440741d1294ba37c055e46291d8058651d644af2be8b0c02605dd90788
swg27036410,IBM Fix list for IBM HTTP Server Version 8.5 - United States,security-support,restricted,restricted,techqa-proxy-owner,techqa-2025-05-05,hf://nvidia/TechQA-RAG-Eval/corpus/swg27036410.txt,nvidia/TechQA-RAG-Eval,Apache-2.0,f9d6a6f30d55b2b257ae762db81499229ff56db9615ac906b8c5b7f8d9f13524
swg24032010,IBM IAM9:  Message Broker – WebSphere Decision Service Node - United States,engineering-support,internal,engineering,techqa-proxy-owner,techqa-2025-05-05,hf://nvidia/TechQA-RAG-Eval/corpus/swg24032010.txt,nvidia/TechQA-RAG-Eval,Apache-2.0,aa86bf0fad1442580fa17bc0207deeb2e30d9c27bf9c5a3c7dba2d7b6cfffc49
swg22005415,IBM Security Bulletin: IBM MQ termination of a client application causes denial of service (CVE-2017-1235) - United States,security-support,restricted,restricted,techqa-proxy-owner,techqa-2025-05-05,hf://nvidia/TechQA-RAG-Eval/corpus/swg22005415.txt,nvidia/TechQA-RAG-Eval,Apache-2.0,d9330b77739f8e3fa127b300909412ef5876fc87d3d236cc0755ae4b26d7d90b
swg21681142,IBM Solving IBM MQ Java code version mismatches using the mqjavalist.sh script - United States,security-support,restricted,restricted,techqa-proxy-owner,techqa-2025-05-05,hf://nvidia/TechQA-RAG-Eval/corpus/swg21681142.txt,nvidia/TechQA-RAG-Eval,Apache-2.0,39a71be4159f9336e0c4084b9cf86709b9563e6448c0737957037b125ea1fea6
swg21063645,IBM Demystifying the WebSphere StaleConnectionException - United States,engineering-support,internal,engineering,techqa-proxy-owner,techqa-2025-05-05,hf://nvidia/TechQA-RAG-Eval/corpus/swg21063645.txt,nvidia/TechQA-RAG-Eval,Apache-2.0,680fb00b311de6c8a6d886f863aed872d0cb6273287ef494565efcd7bd003d44
swg21964025,IBM Security Bulletin: IBM PureApplication System is affected by a security vulnerability. (CVE-2015-1890) - United States,security-support,restricted,restricted,techqa-proxy-owner,techqa-2025-05-05,hf://nvidia/TechQA-RAG-Eval/corpus/swg21964025.txt,nvidia/TechQA-RAG-Eval,Apache-2.0,8ba905b88941cf907719bd17560efc5d4e4e4f67fbf5f14f37b8c1fee7416c7e
swg22006126,IBM Security Bulletin:  Multiple vulnerabilities in IBM Java Runtime affect API Connect - United States,security-support,restricted,restricted,techqa-proxy-owner,techqa-2025-05-05,hf://nvidia/TechQA-RAG-Eval/corpus/swg22006126.txt,nvidia/TechQA-RAG-Eval,Apache-2.0,1c151c5e8449eaf3be8e56e39685c80c2e6c3a7d836356f8edd4b61914812ea1
swg27042658,IBM Prerequisites for IBM Content Collector Version 4.0.1 - United States,security-support,restricted,restricted,techqa-proxy-owner,techqa-2025-05-05,hf://nvidia/TechQA-RAG-Eval/corpus/swg27042658.txt,nvidia/TechQA-RAG-Eval,Apache-2.0,c1f9700fd794f35648f0eeeb3f25e707b6b3c50fb84add0a7ee966372a05f64e
swg21501900,IBM Unable to log on to FileNet WorkplaceXT receive an AE SecurityCheckFilter error - United States,security-support,restricted,restricted,techqa-proxy-owner,techqa-2025-05-05,hf://nvidia/TechQA-RAG-Eval/corpus/swg21501900.txt,nvidia/TechQA-RAG-Eval,Apache-2.0,a00ab6fce03e5fe697635853b12ed90a2157c03ae3ac600f089941034423a55d
swg21689914,IBM Security Bulletin: Vulnerability in SSLv3 affects IBM Integration Designer and WebSphere Integration Developer (CVE-2014-3566) - United States,security-support,restricted,restricted,techqa-proxy-owner,techqa-2025-05-05,hf://nvidia/TechQA-RAG-Eval/corpus/swg21689914.txt,nvidia/TechQA-RAG-Eval,Apache-2.0,a716ad91f6202ef0311a35a4790ff48728e3369187eea173a9bd353c5c8c49c6
swg27020885,IBM WebSphere Portal V7.0.0.2 hardware and software requirements - United States,security-support,restricted,restricted,techqa-proxy-owner,techqa-2025-05-05,hf://nvidia/TechQA-RAG-Eval/corpus/swg27020885.txt,nvidia/TechQA-RAG-Eval,Apache-2.0,f9950e2b862d192b9bc93bdfe1c5a94c2b54a5da3b0581be0176cb11df3a6ba8
swg24042177,IBM WebSphere Application Server 7.0 Test Environment Extension 7.0.0.41 - United States,engineering-support,internal,engineering,techqa-proxy-owner,techqa-2025-05-05,hf://nvidia/TechQA-RAG-Eval/corpus/swg24042177.txt,nvidia/TechQA-RAG-Eval,Apache-2.0,6091ad5d13fd774380d63bf87d8891019b1f1aa9d91595e25cb252279312343c
swg21982008,IBM Transformation Extender Oracle adapter does not support SYS_REFCURSOR return type in an Oracle stored procedure / function - United States,operations-support,internal,operations,techqa-proxy-owner,techqa-2025-05-05,hf://nvidia/TechQA-RAG-Eval/corpus/swg21982008.txt,nvidia/TechQA-RAG-Eval,Apache-2.0,13cb71299743f1bf4353e06215ddc067c6a0cfbb678a21010392ff910643dc18
swg21508890,IBM How to serve static files from both IBM HTTP Server and an application in WebSphere Application Server - United States,engineering-support,internal,engineering,techqa-proxy-owner,techqa-2025-05-05,hf://nvidia/TechQA-RAG-Eval/corpus/swg21508890.txt,nvidia/TechQA-RAG-Eval,Apache-2.0,29297a5934ca91516a485dbf60d17b545d8ce374346bdb1c10a2b8e9dad0d00d
swg21959412,IBM Security Bulletin: Vulnerability with Diffie-Hellman ciphers may affect IBM SOA Policy Gateway Pattern for Red Hat Enterprise Linux Server 2.5 (CVE-2015-4000) - United States,security-support,restricted,restricted,techqa-proxy-owner,techqa-2025-05-05,hf://nvidia/TechQA-RAG-Eval/corpus/swg21959412.txt,nvidia/TechQA-RAG-Eval,Apache-2.0,7fd79c0b380793442930e65f00de491aa3b45e8ba9637da194a83a209a93de71
swg21381009,IBM Using dblook and ij to work with the embedded Apache Derby in WebSphere Portal - United States,engineering-support,internal,engineering,techqa-proxy-owner,techqa-2025-05-05,hf://nvidia/TechQA-RAG-Eval/corpus/swg21381009.txt,nvidia/TechQA-RAG-Eval,Apache-2.0,a19fc976c0fab5060d4a98df4e059b56ccc508a4fe6dc317256fe2fad70a5121
swg21626683,IBM Exceptions starting WAS 8.5 as non root user on Solaris - United States,operations-support,internal,operations,techqa-proxy-owner,techqa-2025-05-05,hf://nvidia/TechQA-RAG-Eval/corpus/swg21626683.txt,nvidia/TechQA-RAG-Eval,Apache-2.0,cbbdd8306ca63083090ba511ddbf3ddeafd4b9d376176cd746b64646803d8d92
swg21509634,IBM How to set an appropriate number of Portal Datasource connections in WebSphere Portal - United States,engineering-support,internal,engineering,techqa-proxy-owner,techqa-2025-05-05,hf://nvidia/TechQA-RAG-Eval/corpus/swg21509634.txt,nvidia/TechQA-RAG-Eval,Apache-2.0,766eae8904fefab96fb7342ec866e6fa46992503d88ae641611489bbb16d441c
swg21691034,IBM Error TASK001X while upgrading Portal 8.0.0.1 to 8.0.0.1 CF14 during import-nodes sub-task - United States,engineering-support,internal,engineering,techqa-proxy-owner,techqa-2025-05-05,hf://nvidia/TechQA-RAG-Eval/corpus/swg21691034.txt,nvidia/TechQA-RAG-Eval,Apache-2.0,db91b8cb2a99c93db0b074c2b60a8dff30c0a4e49f25d612115832e70f026093
swg22003852,IBM Security Bulletin: IBM MQ and IBM MQ Appliance Shared memory leak caused by MQ applications using dynamic queues. (CVE-2017-1283) - United States,security-support,restricted,restricted,techqa-proxy-owner,techqa-2025-05-05,hf://nvidia/TechQA-RAG-Eval/corpus/swg22003852.txt,nvidia/TechQA-RAG-Eval,Apache-2.0,360fde7a1e4b250acced61f9dcf0904f53208b153bcfbb31e3bef7ace989e93a
swg21227799,IBM Multiple logins using the same user ID - United States,security-support,restricted,restricted,techqa-proxy-owner,techqa-2025-05-05,hf://nvidia/TechQA-RAG-Eval/corpus/swg21227799.txt,nvidia/TechQA-RAG-Eval,Apache-2.0,77838d36194a3545644d11d8cb5ada1b80a0bcf3ef0d2dc098516f98a3ad0992
swg21459952,IBM WebSphere Portal startup fails with EJCBC0002E: The service [<serviceName>] could not be located. - United States,engineering-support,internal,engineering,techqa-proxy-owner,techqa-2025-05-05,hf://nvidia/TechQA-RAG-Eval/corpus/swg21459952.txt,nvidia/TechQA-RAG-Eval,Apache-2.0,3971198fffbc06112fedcca7e73e3c6f1752cebe7c4ea753df68048ffdd23489
swg21442694,"IBM Procedure to change the username and/or password for the FileNet Content Engine  Directory Service Account, including the bootstrap user - United States",security-support,restricted,restricted,techqa-proxy-owner,techqa-2025-05-05,hf://nvidia/TechQA-RAG-Eval/corpus/swg21442694.txt,nvidia/TechQA-RAG-Eval,Apache-2.0,9e593f7947a86671f57ca2f97bb31f39968138c0451af9f3215fcb4fbb5ef839
swg22010993,"IBM Security Bulletin: Multiple vulnerabilities affect Java Server Faces (JSF) used by WebSphere Application Server shipped with Jazz for Service Management (CVE-2017-1583, CVE-2011-4343) - United States",security-support,restricted,restricted,techqa-proxy-owner,techqa-2025-05-05,hf://nvidia/TechQA-RAG-Eval/corpus/swg22010993.txt,nvidia/TechQA-RAG-Eval,Apache-2.0,f2cb0b72ab4fc2b369a9c9cd7fac4432908f5de3051d6404f1eebf81299eaacc
swg24042833,IBM PI69518:group search fails with a classcast exception after upgrade to 8.5.5.10 - United States,security-support,restricted,restricted,techqa-proxy-owner,techqa-2025-05-05,hf://nvidia/TechQA-RAG-Eval/corpus/swg24042833.txt,nvidia/TechQA-RAG-Eval,Apache-2.0,52c50a8124f2aca3b6b0ff11f2bdea3a693a9a94df31c90ec91f1e4c170efd14
swg21981870,IBM Missing Icon pulldown options in DASH main menu after 3.1.2.1 Install - United States,engineering-support,internal,engineering,techqa-proxy-owner,techqa-2025-05-05,hf://nvidia/TechQA-RAG-Eval/corpus/swg21981870.txt,nvidia/TechQA-RAG-Eval,Apache-2.0,5396ed2ba2db0f9d87e5025a71dec22862270806e37cfc7fc36cf2410d908100
swg21602521,IBM Leap Second bug in older Linux kernels may affect IBM MQ and WebSphere MQ - United States,operations-support,internal,operations,techqa-proxy-owner,techqa-2025-05-05,hf://nvidia/TechQA-RAG-Eval/corpus/swg21602521.txt,nvidia/TechQA-RAG-Eval,Apache-2.0,e32d37fbeaa3db6211453edf3f61fef265b6a6cd21b004cf8bf964e16d1d976a
swg21496354,IBM JRules or ODM module fails to access database with StaleConnectionException - United States,engineering-support,internal,engineering,techqa-proxy-owner,techqa-2025-05-05,hf://nvidia/TechQA-RAG-Eval/corpus/swg21496354.txt,nvidia/TechQA-RAG-Eval,Apache-2.0,3ded7f1ca946fb7e7750b64ca647ff1cbcf51c108ab664f957e572c96438ff24
swg21972012,"IBM Security Bulletin: Malformed client flows abend MQTT channel (CVE-2015-4943, CVE-2015-4941, CVE-2015-4942) - United States",security-support,restricted,restricted,techqa-proxy-owner,techqa-2025-05-05,hf://nvidia/TechQA-RAG-Eval/corpus/swg21972012.txt,nvidia/TechQA-RAG-Eval,Apache-2.0,0a111dde697a4ae25744b3f3f4c4662664dcd4ed625d0902778e84a62cba2c27
swg22012342,IBM Security Bulletin: Information disclosure in WebSphere Application Server Admin Console (CVE-2017-1741) - United States,security-support,restricted,restricted,techqa-proxy-owner,techqa-2025-05-05,hf://nvidia/TechQA-RAG-Eval/corpus/swg22012342.txt,nvidia/TechQA-RAG-Eval,Apache-2.0,c509544b8a4d9b7ba5f43435d48f8e88e5d8fdb31263527de71dc227d602a308
swg21995397,IBM Troubleshoot: Logging Problems in IBM WebSphere Application Server - United States,security-support,restricted,restricted,techqa-proxy-owner,techqa-2025-05-05,hf://nvidia/TechQA-RAG-Eval/corpus/swg21995397.txt,nvidia/TechQA-RAG-Eval,Apache-2.0,34423d1941e82196146affb52a25df9c69c913858844ef7220edbf8b471f934d
swg21632844,IBM Enabling tracing for the DASH service in Jazz for Service Management - United States,engineering-support,internal,engineering,techqa-proxy-owner,techqa-2025-05-05,hf://nvidia/TechQA-RAG-Eval/corpus/swg21632844.txt,nvidia/TechQA-RAG-Eval,Apache-2.0,f62c0d7544a36480f9030edeea6b9d57ad5df76b2241a550ef7d21e416c3ff37
swg22009796,IBM Security Bulletin: IBM MQ Appliance is affected by a GNU C library (glibc) vulnerability (CVE-2017-8804) - United States,security-support,restricted,restricted,techqa-proxy-owner,techqa-2025-05-05,hf://nvidia/TechQA-RAG-Eval/corpus/swg22009796.txt,nvidia/TechQA-RAG-Eval,Apache-2.0,cc88c75101ca1a2c28367cbe1f67f066141f864e67caa8d6c8fad293f9f88ad3
swg21631488,IBM WebSphere Cast Iron Cloud integration fix packs are available - United States,operations-support,internal,operations,techqa-proxy-owner,techqa-2025-05-05,hf://nvidia/TechQA-RAG-Eval/corpus/swg21631488.txt,nvidia/TechQA-RAG-Eval,Apache-2.0,1939f60ca152df57395a626524e16225f994e93b06d10b52ccb7682ddd6e94b5
swg21655808,"IBM Specifying an alternative to ""/tmp"" for Tivoli Integrated Portal installs - United States",engineering-support,internal,engineering,techqa-proxy-owner,techqa-2025-05-05,hf://nvidia/TechQA-RAG-Eval/corpus/swg21655808.txt,nvidia/TechQA-RAG-Eval,Apache-2.0,4662e875c44a5f806ff2556144606b990cd396037b83c3912c84d73fa2d5b5ad
swg21697458,IBM Security Bulletin: WebSphere Message Broker and IBM Integration Bus are affected by denial of service vulnerability (CVE-2014-8901) - United States,security-support,restricted,restricted,techqa-proxy-owner,techqa-2025-05-05,hf://nvidia/TechQA-RAG-Eval/corpus/swg21697458.txt,nvidia/TechQA-RAG-Eval,Apache-2.0,c013c747846d2ce2c6f80ecfbd2b2d5aeee5e5485dc3105f098aa554bafeebf7
swg21318463,IBM Recommended values for web server plug-in config - United States,engineering-support,internal,engineering,techqa-proxy-owner,techqa-2025-05-05,hf://nvidia/TechQA-RAG-Eval/corpus/swg21318463.txt,nvidia/TechQA-RAG-Eval,Apache-2.0,8449e6ff06f2f8e6bd4287c36266929434dfb7f8fea6b2795575e9b3ed3339ce
swg21688949,IBM Security Bulletin: IBM WebSphere MQ is affected by a vulnerability in GSKit (CVE-2014-0076) - United States,security-support,restricted,restricted,techqa-proxy-owner,techqa-2025-05-05,hf://nvidia/TechQA-RAG-Eval/corpus/swg21688949.txt,nvidia/TechQA-RAG-Eval,Apache-2.0,9b362d7996c468c92960b7c79f4ec6afb5f2bd3b8214c38b941952e063547a82
swg21697944,IBM Security Bulletin: Cross-site scripting vulnerabilities in IBM Business Process Manager (BPM) and WebSphere Lombardi Edition (WLE) error handling (CVE-2015-0193) - United States,security-support,restricted,restricted,techqa-proxy-owner,techqa-2025-05-05,hf://nvidia/TechQA-RAG-Eval/corpus/swg21697944.txt,nvidia/TechQA-RAG-Eval,Apache-2.0,6c5bb1698a55d29fbf170339441b44d539d5b53f97c868f8fbe9939fd1a5b774
swg21647026,IBM Batch job fails with ABEND 102 REASON 00000000,operations-support,internal,operations,techqa-proxy-owner,techqa-2025-05-05,hf://nvidia/TechQA-RAG-Eval/corpus/swg21647026.txt,nvidia/TechQA-RAG-Eval,Apache-2.0,75fdad1068623a802e88a2eb1296f2576f24d24e4500774ab6ec065ca3c49440
swg21690184,IBM Ignorable SYSIBMADM.DBCFG IS AN UNDEFINED NAME error message - United States,operations-support,internal,operations,techqa-proxy-owner,techqa-2025-05-05,hf://nvidia/TechQA-RAG-Eval/corpus/swg21690184.txt,nvidia/TechQA-RAG-Eval,Apache-2.0,9dd8ddf7d60be375b815e23547937600f4600959d3904f55e5015adcbd875669
swg21653030,IBM ITCAM Data Collector for WebSphere V7.2 fixes - United States,engineering-support,internal,engineering,techqa-proxy-owner,techqa-2025-05-05,hf://nvidia/TechQA-RAG-Eval/corpus/swg21653030.txt,nvidia/TechQA-RAG-Eval,Apache-2.0,d0c372fbd5647e4e14047ec097132b11748dd7e91e1ca1d860f1df4d2254a7b5
swg21688718,IBM TEP Login is failing for some LDAP users - United States,security-support,restricted,restricted,techqa-proxy-owner,techqa-2025-05-05,hf://nvidia/TechQA-RAG-Eval/corpus/swg21688718.txt,nvidia/TechQA-RAG-Eval,Apache-2.0,6c645745e60caee7a0545f81c84de9f7ced931524786e7bed20454a4c5affa8a
swg21395327,"IBM The Key Management Utility bundled with IBM HTTP Server V7.0 32-bit, and the WebSphere Application Server Web server plug-in 32-bit V7.0, displays an error when creating a PKCS12 keystore file - United States",security-support,restricted,restricted,techqa-proxy-owner,techqa-2025-05-05,hf://nvidia/TechQA-RAG-Eval/corpus/swg21395327.txt,nvidia/TechQA-RAG-Eval,Apache-2.0,f2ef32d47d335a87f23493a1feeff67cbc548c94088b494a280a4bd74c25ec8e
swg21964873,IBM Security Bulletin: Security Vulnerability in IBM PureApplication System. (CVE-2015-1920) - United States,security-support,restricted,restricted,techqa-proxy-owner,techqa-2025-05-05,hf://nvidia/TechQA-RAG-Eval/corpus/swg21964873.txt,nvidia/TechQA-RAG-Eval,Apache-2.0,30d69f28972da880d3c83919e756dbe8c307dc7d57e50dd08c8049d66a130490
swg21966881,IBM Business Process Manager users receive errors that session has expired - United States,security-support,restricted,restricted,techqa-proxy-owner,techqa-2025-05-05,hf://nvidia/TechQA-RAG-Eval/corpus/swg21966881.txt,nvidia/TechQA-RAG-Eval,Apache-2.0,e2d0dafe861516c9df96376d0654c1f5feebc0827aa1e2233fab0a99493aabe2
swg21632223,IBM Fix pack 8001 installlation fails - ADMA5026E: no valid target is specified in ObjectName - United States,engineering-support,internal,engineering,techqa-proxy-owner,techqa-2025-05-05,hf://nvidia/TechQA-RAG-Eval/corpus/swg21632223.txt,nvidia/TechQA-RAG-Eval,Apache-2.0,05cd3bf561750374d8da44957d648194d1287d0a5037a4bbab9e06eb771cb707
swg21312967,"IBM MQ 7.x, MQ 8.0 and MQ 9.0 compatibility with previous versions - including usage of CCDT files, JMS .bindings, SSL/TLS - United States",security-support,restricted,restricted,techqa-proxy-owner,techqa-2025-05-05,hf://nvidia/TechQA-RAG-Eval/corpus/swg21312967.txt,nvidia/TechQA-RAG-Eval,Apache-2.0,d9871b7e4aaa982d203458b17d8b7338624cb664ba4fa7340a570c5972ed7581
swg21419230,IBM WebSphere Portal inactive session time out and redirect - United States,security-support,restricted,restricted,techqa-proxy-owner,techqa-2025-05-05,hf://nvidia/TechQA-RAG-Eval/corpus/swg21419230.txt,nvidia/TechQA-RAG-Eval,Apache-2.0,6ff297a65622e67fbd7d7037e2ffc0346e48aad6175957c9095f0f6a1c527469
swg21976896,"IBM Security Bulletin: Multiple vulnerabilities in IBM Java Runtime affect IBM WebSphere MQ (CVE-2016-0475, CVE-2015-7575, CVE-2016-0448) - United States",security-support,restricted,restricted,techqa-proxy-owner,techqa-2025-05-05,hf://nvidia/TechQA-RAG-Eval/corpus/swg21976896.txt,nvidia/TechQA-RAG-Eval,Apache-2.0,689298b72b3fbec826d2343d2916aec2014ab05655883c13af5e7a84985d3753
swg22008470,IBM Security Bulletin: WebSphere Message Broker and IBM Integration Bus are affected by information disclosure vulnerability (CVE-2017-1126) - United States,security-support,restricted,restricted,techqa-proxy-owner,techqa-2025-05-05,hf://nvidia/TechQA-RAG-Eval/corpus/swg22008470.txt,nvidia/TechQA-RAG-Eval,Apache-2.0,f101c852a93b9a91ea6c56295ef0859cb567906b90ccdb34b8e847b09c548bed
swg27021012,"IBM WebSphere Adapter for JD Edwards, Version 7.5 system requirements - United States",security-support,restricted,restricted,techqa-proxy-owner,techqa-2025-05-05,hf://nvidia/TechQA-RAG-Eval/corpus/swg27021012.txt,nvidia/TechQA-RAG-Eval,Apache-2.0,efedea6d749e802f5f1d55602d27a5881adeb61a7fd96975c3068378c8555631
swg1PI54477,IBM PI54477: ADD ABILITY TO DISABLE LOGGING OF SECJ0371W EXPIRED LTPA TOKEN MESSAGES - United States,security-support,restricted,restricted,techqa-proxy-owner,techqa-2025-05-05,hf://nvidia/TechQA-RAG-Eval/corpus/swg1PI54477.txt,nvidia/TechQA-RAG-Eval,Apache-2.0,a97d94df54d97a016a257c33bb909ce6b001f9e48a2d4630fbbc508cff601a9d
swg21902248,IBM Action required for IBM WebSphere MQ Hypervisor Edition for RedHat Enterprise Linux Server for the GNU C library (glibc) vulnerabilities (CVE-2015-1472 & CVE-2013-7423) - United States,security-support,restricted,restricted,techqa-proxy-owner,techqa-2025-05-05,hf://nvidia/TechQA-RAG-Eval/corpus/swg21902248.txt,nvidia/TechQA-RAG-Eval,Apache-2.0,b75818a04a340be1f7b7b7d8ca5e00b1ecd8db112e30c606e73c55db565ad8b6
swg21688071,IBM Installation Manager 1.7.3.1 or older cannot connect to HTTPS servers that have SSL security protocol disabled - United States,security-support,restricted,restricted,techqa-proxy-owner,techqa-2025-05-05,hf://nvidia/TechQA-RAG-Eval/corpus/swg21688071.txt,nvidia/TechQA-RAG-Eval,Apache-2.0,89881b884165597b186c2a2258b6f0521d8e7691f127096d1c0c6b5086b7a37f
swg21685666,"IBM Action required for IBM WebSphere MQ Hypervisor Edition for Red Hat Enterprise Linux Server for the Bash vulnerabilities (CVE-2014-6271, CVE-2014-7169, CVE-2014-7186, CVE-2014-7187, CVE-2014-6277 and CVE-2014-2014-6278) - United States",security-support,restricted,restricted,techqa-proxy-owner,techqa-2025-05-05,hf://nvidia/TechQA-RAG-Eval/corpus/swg21685666.txt,nvidia/TechQA-RAG-Eval,Apache-2.0,c3fdf62dc7a60ac2273f8722827e07ee77e941523cfbc18fe5bd2a9f7b858b49
swg21260155,IBM Configuring DataPower MQ client to use SSL in mutual authentication mode - United States,security-support,restricted,restricted,techqa-proxy-owner,techqa-2025-05-05,hf://nvidia/TechQA-RAG-Eval/corpus/swg21260155.txt,nvidia/TechQA-RAG-Eval,Apache-2.0,491280a7b5752f289f9bf10444e599e3b996a7736d19d94f78449fc242985ebc
swg24043057,IBM ITCAM Agents for WebSphere Messaging Version 7.3.0 Fix Pack 02 (7.3.0-TIV-XEforMsg-FP0002) - United States,engineering-support,internal,engineering,techqa-proxy-owner,techqa-2025-05-05,hf://nvidia/TechQA-RAG-Eval/corpus/swg24043057.txt,nvidia/TechQA-RAG-Eval,Apache-2.0,e01e3246aaa8e5cb738865b4a49f24c0d4c931263af0b9906f5d158990d06f3c
swg24042191,IBM Download Jazz for Service Management Version 1.1.3.0 - United States,engineering-support,internal,engineering,techqa-proxy-owner,techqa-2025-05-05,hf://nvidia/TechQA-RAG-Eval/corpus/swg24042191.txt,nvidia/TechQA-RAG-Eval,Apache-2.0,6651280123eaf1d28564e71a9d8803f84af452f16c6c4da3b43ba358ebf14f63
swg21412061,IBM How to export and import keys from an HSM-enabled IBM WebSphere DataPower SOA Appliance - United States,security-support,restricted,restricted,techqa-proxy-owner,techqa-2025-05-05,hf://nvidia/TechQA-RAG-Eval/corpus/swg21412061.txt,nvidia/TechQA-RAG-Eval,Apache-2.0,2ee1af207ca955b3c31c8ca059802fe617532df3a44eb7d168f215d978103edd
swg21317981,IBM 'EJPDB0160E: The sanity checks of the database layer failed' error occurs during startup after successful database transfer - United States,engineering-support,internal,engineering,techqa-proxy-owner,techqa-2025-05-05,hf://nvidia/TechQA-RAG-Eval/corpus/swg21317981.txt,nvidia/TechQA-RAG-Eval,Apache-2.0,6bf9c719ca0648f1607e7214fa4db7a03894cfbdc2f0a39523aa6f01ced1c69b
